"team","opponent","max2","odds","market_value","FIFA_points","UEFA_rank","UEFA_points","CL_players","max2_opponent","odds_opponent","market_value_opponent","FIFA_points_opponent","UEFA_rank_opponent","UEFA_points_opponent","CL_players_opponent","result","past_scores","past_scores_opponent","GDP","GDP_opponent","population","population_opponent","t_sne_1","t_sne_2","id"
"Portugal","Greece",0.75,0.0289256198347107,0.360554137805323,0.296099290780142,0.147058823529412,0.455400002506674,0.428571428571429,0.75,0.431818181818182,0.0743711265038279,0.274822695035461,0.176470588235294,0.360334390314212,0,"loss",0.417582417504528,0,0.0524323676576405,0.0584861717289791,0.0586545771970828,0.0618787486272633,106.229369546048,-197.040251793173,1
"Spain","Russia",0.75,0.0340909090909091,0.350710900473934,0.404255319148936,0,0.925626981839147,0.357142857142857,0.75,0.380165289256198,0.0710900473933649,0.287234042553192,0.588235294117647,0.174439445022372,0.0714285714285714,"win",0.19780219779133,0,0.36830285441966,0.578931907464232,0.312871793427759,1,-362.671247061795,416.472353323271,2
"Greece","Spain",0.75,0.431818181818182,0.0743711265038279,0.274822695035461,0.176470588235294,0.360334390314212,0,0.75,0.0340909090909091,0.350710900473934,0.404255319148936,0,0.925626981839147,0.357142857142857,"draw",0,0.19780219779133,0.0584861717289791,0.36830285441966,0.0618787486272633,0.312871793427759,-158.064240708319,-43.4326261163294,3
"Russia","Portugal",0.75,0.380165289256198,0.0710900473933649,0.287234042553192,0.588235294117647,0.174439445022372,0.0714285714285714,0.75,0.0289256198347107,0.360554137805323,0.296099290780142,0.147058823529412,0.455400002506674,0.428571428571429,"loss",0,0.417582417504528,0.578931907464232,0.0524323676576405,1,0.0586545771970828,-384.863627292454,84.125035473615,4
"Spain","Portugal",0.75,0.0340909090909091,0.350710900473934,0.404255319148936,0,0.925626981839147,0.357142857142857,0.75,0.0289256198347107,0.360554137805323,0.296099290780142,0.147058823529412,0.455400002506674,0.428571428571429,"loss",0.19780219779133,0.417582417504528,0.36830285441966,0.0524323676576405,0.312871793427759,0.0586545771970828,659.77417168625,-1142.21403138184,5
"Russia","Greece",0.75,0.380165289256198,0.0710900473933649,0.287234042553192,0.588235294117647,0.174439445022372,0.0714285714285714,0.75,0.431818181818182,0.0743711265038279,0.274822695035461,0.176470588235294,0.360334390314212,0,"win",0,0,0.578931907464232,0.0584861717289791,1,0.0618787486272633,-393.892577992359,81.8249052297349,6
"Switzerland","Croatia",0.25,0.586776859504132,0.0484870579657309,0.221631205673759,0.352941176470588,0.205259002093073,0,0,0.431818181818182,0.0619759387531899,0.289893617021277,0.647058823529412,0.142592151603645,0.0714285714285714,"draw",0,0.0659340659304432,0.17194451271371,0.00751871148064663,0.0442514008954467,0.0158463098020443,-342.783380099109,-166.36153124759,7
"France","England",0.5,0.000516528925619833,0.428363106088225,0.435283687943262,0.117647058823529,0.530512489503303,0.285714285714286,0.75,0.0392561983471074,0.41195771053591,0.342198581560284,0.0294117647058824,0.703811397846767,0.285714285714286,"win",1,0.208791208834682,0.750736059801287,0.694813822778658,0.453622617069805,0.368439726297412,140.430582154865,109.097254273203,8
"England","Switzerland",0.75,0.0392561983471074,0.41195771053591,0.342198581560284,0.0294117647058824,0.703811397846767,0.285714285714286,0.25,0.586776859504132,0.0484870579657309,0.221631205673759,0.352941176470588,0.205259002093073,0,"win",0.208791208834682,0,0.694813822778658,0.17194451271371,0.368439726297412,0.0442514008954467,156.851587726179,-202.157176172252,9
"Croatia","France",0,0.431818181818182,0.0619759387531899,0.289893617021277,0.647058823529412,0.142592151603645,0.0714285714285714,0.5,0.000516528925619833,0.428363106088225,0.435283687943262,0.117647058823529,0.530512489503303,0.285714285714286,"draw",0.0659340659304432,1,0.00751871148064663,0.750736059801287,0.0158463098020443,0.453622617069805,137.05901127202,200.96048464647,10
"Croatia","England",0,0.431818181818182,0.0619759387531899,0.289893617021277,0.647058823529412,0.142592151603645,0.0714285714285714,0.75,0.0392561983471074,0.41195771053591,0.342198581560284,0.0294117647058824,0.703811397846767,0.285714285714286,"loss",0.0659340659304432,0.208791208834682,0.00751871148064663,0.694813822778658,0.0158463098020443,0.368439726297412,99.2389029664012,-48.7624646250623,11
"Switzerland","France",0.25,0.586776859504132,0.0484870579657309,0.221631205673759,0.352941176470588,0.205259002093073,0,0.5,0.000516528925619833,0.428363106088225,0.435283687943262,0.117647058823529,0.530512489503303,0.285714285714286,"loss",0,1,0.17194451271371,0.750736059801287,0.0442514008954467,0.453622617069805,151.021432983916,205.32280289841,12
"Denmark","Italy",0.25,0.173553719008264,0.1093693036821,0.329787234042553,0.617647058823529,0.143532154360986,0.0714285714285714,1,0.018595041322314,0.545752825373678,0.344858156028369,0.0588235294117647,0.666624888766341,0,"draw",0.19780219779133,0.571428571452119,0.0832190015772512,0.566157726228472,0.0260045617097964,0.415228226283333,-592.779901942205,-152.073242680117,13
"Sweden","Bulgaria",0.25,0.173553719008264,0.114473204520598,0.294326241134752,0.676470588235294,0.134332660709138,0,0.75,0.586776859504132,0.040831206707984,0.25709219858156,0.558823529411765,0.175467181370399,0,"win",0.0329670329652216,0,0.146181448796479,0.00612842253244516,0.0554711936473967,0.0366485512347591,-357.823150107294,7.89882003087284,14
"Bulgaria","Denmark",0.75,0.586776859504132,0.040831206707984,0.25709219858156,0.558823529411765,0.175467181370399,0,0.25,0.173553719008264,0.1093693036821,0.329787234042553,0.617647058823529,0.143532154360986,0.0714285714285714,"loss",0,0.19780219779133,0.00612842253244516,0.0832190015772512,0.0366485512347591,0.0260045617097964,-236.642018148179,-15.0889563621607,15
"Italy","Sweden",1,0.018595041322314,0.545752825373678,0.344858156028369,0.0588235294117647,0.666624888766341,0,0.25,0.173553719008264,0.114473204520598,0.294326241134752,0.676470588235294,0.134332660709138,0,"draw",0.571428571452119,0.0329670329652216,0.566157726228472,0.146181448796479,0.415228226283333,0.0554711936473967,-616.750152960777,154.103759215346,16
"Italy","Bulgaria",1,0.018595041322314,0.545752825373678,0.344858156028369,0.0588235294117647,0.666624888766341,0,0.75,0.586776859504132,0.040831206707984,0.25709219858156,0.558823529411765,0.175467181370399,0,"win",0.571428571452119,0,0.566157726228472,0.00612842253244516,0.415228226283333,0.0366485512347591,-608.924035432868,139.278714607284,17
"Denmark","Sweden",0.25,0.173553719008264,0.1093693036821,0.329787234042553,0.617647058823529,0.143532154360986,0.0714285714285714,0.25,0.173553719008264,0.114473204520598,0.294326241134752,0.676470588235294,0.134332660709138,0,"draw",0.19780219779133,0.0329670329652216,0.0832190015772512,0.146181448796479,0.0260045617097964,0.0554711936473967,-147.357757435034,-155.443576889638,18
"Czech Republic","Latvia",0.25,0.0392561983471074,0.188844331024426,0.347517730496454,0.235294117647059,0.339366062140449,0.0714285714285714,0.5,1,0,0.197695035460993,0.882352941176471,0,0,"win",0.285714285643642,0,0.0464240558822926,0,0.0602314645341143,0,223.219646778713,-194.527756890901,19
"Germany","Netherlands",0.75,0.0392561983471074,0.221290557783449,0.350177304964539,0.0882352941176471,0.545088798927144,0,0.5,0.0237603305785124,0.323368574553409,0.368794326241135,0.205882352941176,0.351974632458922,0,"draw",0.510989010960935,0.45054945046975,1,0.213329464638894,0.559513417621716,0.105769556218849,109.698772415268,297.948163128918,20
"Latvia","Germany",0.5,1,0,0.197695035460993,0.882352941176471,0,0,0.75,0.0392561983471074,0.221290557783449,0.350177304964539,0.0882352941176471,0.545088798927144,0,"draw",0,0.510989010960935,0,1,0,0.559513417621716,48.5739531575082,230.418751775045,21
"Netherlands","Czech Republic",0.5,0.0237603305785124,0.323368574553409,0.368794326241135,0.205882352941176,0.351974632458922,0,0.25,0.0392561983471074,0.188844331024426,0.347517730496454,0.235294117647059,0.339366062140449,0.0714285714285714,"loss",0.45054945046975,0.285714285643642,0.213329464638894,0.0464240558822926,0.105769556218849,0.0602314645341143,17.5671316661109,66.5373995352733,22
"Netherlands","Latvia",0.5,0.0237603305785124,0.323368574553409,0.368794326241135,0.205882352941176,0.351974632458922,0,0.5,1,0,0.197695035460993,0.882352941176471,0,0,"win",0.45054945046975,0,0.213329464638894,0,0.105769556218849,0,214.273885129298,-197.074383011494,23
"Germany","Czech Republic",0.75,0.0392561983471074,0.221290557783449,0.350177304964539,0.0882352941176471,0.545088798927144,0,0.25,0.0392561983471074,0.188844331024426,0.347517730496454,0.235294117647059,0.339366062140449,0.0714285714285714,"loss",0.510989010960935,0.285714285643642,1,0.0464240558822926,0.559513417621716,0.0602314645341143,117.232657815891,293.19102955375,24
"Portugal","England",0.75,0.0289256198347107,0.360554137805323,0.296099290780142,0.147058823529412,0.455400002506674,0.428571428571429,0.75,0.0392561983471074,0.41195771053591,0.342198581560284,0.0294117647058824,0.703811397846767,0.285714285714286,"draw",0.417582417504528,0.208791208834682,0.0524323676576405,0.694813822778658,0.0586545771970828,0.368439726297412,114.321920169746,-212.160683279896,25
"France","Greece",0.5,0.000516528925619833,0.428363106088225,0.435283687943262,0.117647058823529,0.530512489503303,0.285714285714286,0.75,0.431818181818182,0.0743711265038279,0.274822695035461,0.176470588235294,0.360334390314212,0,"loss",1,0,0.750736059801287,0.0584861717289791,0.453622617069805,0.0618787486272633,150.231379298119,102.543092302475,26
"Sweden","Netherlands",0.25,0.173553719008264,0.114473204520598,0.294326241134752,0.676470588235294,0.134332660709138,0,0.5,0.0237603305785124,0.323368574553409,0.368794326241135,0.205882352941176,0.351974632458922,0,"draw",0.0329670329652216,0.45054945046975,0.146181448796479,0.213329464638894,0.0554711936473967,0.105769556218849,-177.932550864358,-180.057392667051,27
"Czech Republic","Denmark",0.25,0.0392561983471074,0.188844331024426,0.347517730496454,0.235294117647059,0.339366062140449,0.0714285714285714,0.25,0.173553719008264,0.1093693036821,0.329787234042553,0.617647058823529,0.143532154360986,0.0714285714285714,"win",0.285714285643642,0.19780219779133,0.0464240558822926,0.0832190015772512,0.0602314645341143,0.0260045617097964,-138.153102062814,-143.933033155385,28
"Portugal","Netherlands",0.75,0.0289256198347107,0.360554137805323,0.296099290780142,0.147058823529412,0.455400002506674,0.428571428571429,0.5,0.0237603305785124,0.323368574553409,0.368794326241135,0.205882352941176,0.351974632458922,0,"win",0.417582417504528,0.45054945046975,0.0524323676576405,0.213329464638894,0.0586545771970828,0.105769556218849,-38.6719632070289,132.906923425509,29
"Greece","Czech Republic",0.75,0.431818181818182,0.0743711265038279,0.274822695035461,0.176470588235294,0.360334390314212,0,0.25,0.0392561983471074,0.188844331024426,0.347517730496454,0.235294117647059,0.339366062140449,0.0714285714285714,"win",0,0.285714285643642,0.0584861717289791,0.0464240558822926,0.0618787486272633,0.0602314645341143,-199.172229590578,-22.4806792237867,30
"Portugal","Greece",0.75,0.0289256198347107,0.360554137805323,0.296099290780142,0.147058823529412,0.455400002506674,0.428571428571429,0.75,0.431818181818182,0.0743711265038279,0.274822695035461,0.176470588235294,0.360334390314212,0,"loss",0.417582417504528,0,0.0524323676576405,0.0584861717289791,0.0586545771970828,0.0618787486272633,100.492198703811,-203.921418183618,31
"Switzerland","Czech Republic",0.25,0.194214876033058,0.0867663142544659,0.256205673758865,0.441176470588235,0.228445736774161,0,0.5,0.121900826446281,0.134524243528983,0.812056737588652,0.411764705882353,0.247559126173437,0.0714285714285714,"loss",0.131868131860886,0.494505494478324,0.17194451271371,0.0464240558822926,0.0442514008954467,0.0602314645341143,-260.946599411303,-69.94322611779,32
"Portugal","Turkey",0.5,0.0392561983471074,0.388625592417062,0.711879432624113,0.205882352941176,0.425244714051161,0.357142857142857,1,0.328512396694215,0.126139263580022,0.468085106382979,0.294117647058824,0.322446012508303,0,"win",0.780219780121966,0.0659340659304432,0.0524323676576405,0.220875083148267,0.0586545771970828,0.536669670261594,-46.8912758598932,-170.503301593242,33
"Czech Republic","Portugal",0.5,0.121900826446281,0.134524243528983,0.812056737588652,0.411764705882353,0.247559126173437,0.0714285714285714,0.5,0.0392561983471074,0.388625592417062,0.711879432624113,0.205882352941176,0.425244714051161,0.357142857142857,"loss",0.494505494478324,0.780219780121966,0.0464240558822926,0.0524323676576405,0.0602314645341143,0.0586545771970828,-121.443364373716,-72.0266999850844,34
"Switzerland","Turkey",0.25,0.194214876033058,0.0867663142544659,0.256205673758865,0.441176470588235,0.228445736774161,0,1,0.328512396694215,0.126139263580022,0.468085106382979,0.294117647058824,0.322446012508303,0,"loss",0.131868131860886,0.0659340659304432,0.17194451271371,0.220875083148267,0.0442514008954467,0.536669670261594,-373.672290322171,14.2464421911214,35
"Switzerland","Portugal",0.25,0.194214876033058,0.0867663142544659,0.256205673758865,0.441176470588235,0.228445736774161,0,0.5,0.0392561983471074,0.388625592417062,0.711879432624113,0.205882352941176,0.425244714051161,0.357142857142857,"win",0.131868131860886,0.780219780121966,0.17194451271371,0.0524323676576405,0.0442514008954467,0.0586545771970828,-251.30114167357,-68.5747977632912,36
"Turkey","Czech Republic",1,0.328512396694215,0.126139263580022,0.468085106382979,0.294117647058824,0.322446012508303,0,0.5,0.121900826446281,0.134524243528983,0.812056737588652,0.411764705882353,0.247559126173437,0.0714285714285714,"win",0.0659340659304432,0.494505494478324,0.220875083148267,0.0464240558822926,0.536669670261594,0.0602314645341143,-421.668030253273,-73.4548134657222,37
"Austria","Croatia",0.25,0.741735537190083,0.026613197229311,0,0.558823529411765,0.146665496885458,0,0.75,0.0909090909090909,0.163689391177543,0.634751773049645,0.764705882352941,0.0705127401707045,0,"loss",0,0.164835164826108,0.106633109625892,0.00751871148064663,0.0466660096302762,0.0158463098020443,-364.612057075798,-178.966099631676,38
"Germany","Poland",0.5,0.0134297520661157,0.328472475391907,0.829787234042553,0.117647058823529,0.535475704062065,0.0714285714285714,0.25,0.328512396694215,0.05103900838498,0.460992907801418,0.705882352941177,0.0757391555015228,0,"win",0.329670329652216,0,1,0.134583687239355,0.559513417621716,0.257053754962971,-204.18832594162,383.120522723675,39
"Croatia","Germany",0.75,0.0909090909090909,0.163689391177543,0.634751773049645,0.764705882352941,0.0705127401707045,0,0.5,0.0134297520661157,0.328472475391907,0.829787234042553,0.117647058823529,0.535475704062065,0.0714285714285714,"win",0.164835164826108,0.329670329652216,0.00751871148064663,1,0.0158463098020443,0.559513417621716,173.903826840246,-87.8786924876999,40
"Austria","Poland",0.25,0.741735537190083,0.026613197229311,0,0.558823529411765,0.146665496885458,0,0.25,0.328512396694215,0.05103900838498,0.460992907801418,0.705882352941177,0.0757391555015228,0,"draw",0,0,0.106633109625892,0.134583687239355,0.0466660096302762,0.257053754962971,-347.334627151818,-176.611296034475,41
"Austria","Germany",0.25,0.741735537190083,0.026613197229311,0,0.558823529411765,0.146665496885458,0,0.5,0.0134297520661157,0.328472475391907,0.829787234042553,0.117647058823529,0.535475704062065,0.0714285714285714,"loss",0,0.329670329652216,0.106633109625892,1,0.0466660096302762,0.559513417621716,-336.528863863943,-189.52149343406,42
"Poland","Croatia",0.25,0.328512396694215,0.05103900838498,0.460992907801418,0.705882352941177,0.0757391555015228,0,0.75,0.0909090909090909,0.163689391177543,0.634751773049645,0.764705882352941,0.0705127401707045,0,"loss",0,0.164835164826108,0.134583687239355,0.00751871148064663,0.257053754962971,0.0158463098020443,-395.305459949976,-148.840751859093,43
"Romania","France",0.5,0.328512396694215,0.0980678089682829,0.668439716312057,0.176470588235294,0.43366713875694,0,0.5,0.0495867768595041,0.47028800583303,0.777482269503546,0.0882352941176471,0.584932382468322,0.5,"draw",0.0659340659304432,0.615384615295858,0.0440237824846893,0.750736059801287,0.125608931940416,0.453622617069805,-201.51789404622,94.9961372141795,44
"Netherlands","Italy",0.5,0.0805785123966942,0.325191396281444,0.704787234042553,0.235294117647059,0.403762517703385,0.142857142857143,0.75,0.0237603305785124,0.513671162960262,0.946808510638298,0.0588235294117647,0.681965733766152,0.0714285714285714,"win",0.560439560408767,0.417582417504528,0.213329464638894,0.566157726228472,0.105769556218849,0.415228226283333,-154.56425982568,107.617637202407,45
"Italy","Romania",0.75,0.0237603305785124,0.513671162960262,0.946808510638298,0.0588235294117647,0.681965733766152,0.0714285714285714,0.5,0.328512396694215,0.0980678089682829,0.668439716312057,0.176470588235294,0.43366713875694,0,"draw",0.417582417504528,0.0659340659304432,0.566157726228472,0.0440237824846893,0.415228226283333,0.125608931940416,-96.2886389158265,29.415095391158,46
"Netherlands","France",0.5,0.0805785123966942,0.325191396281444,0.704787234042553,0.235294117647059,0.403762517703385,0.142857142857143,0.5,0.0495867768595041,0.47028800583303,0.777482269503546,0.0882352941176471,0.584932382468322,0.5,"win",0.560439560408767,0.615384615295858,0.213329464638894,0.750736059801287,0.105769556218849,0.453622617069805,-238.29172578783,78.718716974364,47
"France","Italy",0.5,0.0495867768595041,0.47028800583303,0.777482269503546,0.0882352941176471,0.584932382468322,0.5,0.75,0.0237603305785124,0.513671162960262,0.946808510638298,0.0588235294117647,0.681965733766152,0.0714285714285714,"loss",0.615384615295858,0.417582417504528,0.750736059801287,0.566157726228472,0.453622617069805,0.415228226283333,-135.512321383826,106.544850651831,48
"Netherlands","Romania",0.5,0.0805785123966942,0.325191396281444,0.704787234042553,0.235294117647059,0.403762517703385,0.142857142857143,0.5,0.328512396694215,0.0980678089682829,0.668439716312057,0.176470588235294,0.43366713875694,0,"win",0.560439560408767,0.0659340659304432,0.213329464638894,0.0440237824846893,0.105769556218849,0.125608931940416,-90.9850357073142,15.0198623201725,49
"Spain","Russia",0.75,0.0340909090909091,0.561064527889172,0.88209219858156,0.0294117647058824,0.868161479940341,0.5,1,0.194214876033058,0.156398104265403,0.468085106382979,0.147058823529412,0.473159787935378,0,"win",0.230769230756551,0.131868131860886,0.36830285441966,0.578931907464232,0.312871793427759,1,-379.303401624004,421.938749002834,50
"Greece","Sweden",0.75,0.194214876033058,0.0922347794385709,0.769503546099291,0.382352941176471,0.248574329151366,0,0.25,0.328512396694215,0.148013124316442,0.473404255319149,0.647058823529412,0.0964192161630341,0,"loss",0.791208791165318,0.131868131860886,0.0584861717289791,0.146181448796479,0.0618787486272633,0.0554711936473967,-97.9671872305334,-58.5691258594418,51
"Sweden","Spain",0.25,0.328512396694215,0.148013124316442,0.473404255319149,0.647058823529412,0.0964192161630341,0,0.75,0.0340909090909091,0.561064527889172,0.88209219858156,0.0294117647058824,0.868161479940341,0.5,"loss",0.131868131860886,0.230769230756551,0.146181448796479,0.36830285441966,0.0554711936473967,0.312871793427759,-70.1152493259359,22.3834790414711,52
"Greece","Russia",0.75,0.194214876033058,0.0922347794385709,0.769503546099291,0.382352941176471,0.248574329151366,0,1,0.194214876033058,0.156398104265403,0.468085106382979,0.147058823529412,0.473159787935378,0,"loss",0.791208791165318,0.131868131860886,0.0584861717289791,0.578931907464232,0.0618787486272633,1,-19.5016124589693,-170.883636798102,53
"Greece","Spain",0.75,0.194214876033058,0.0922347794385709,0.769503546099291,0.382352941176471,0.248574329151366,0,0.75,0.0340909090909091,0.561064527889172,0.88209219858156,0.0294117647058824,0.868161479940341,0.5,"loss",0.791208791165318,0.230769230756551,0.0584861717289791,0.36830285441966,0.0618787486272633,0.312871793427759,-90.3768176320894,-13.6276531126515,54
"Russia","Sweden",1,0.194214876033058,0.156398104265403,0.468085106382979,0.147058823529412,0.473159787935378,0,0.25,0.328512396694215,0.148013124316442,0.473404255319149,0.647058823529412,0.0964192161630341,0,"win",0.131868131860886,0.131868131860886,0.578931907464232,0.146181448796479,1,0.0554711936473967,-101.228722443719,301.55904028272,55
"Portugal","Germany",0.5,0.0392561983471074,0.388625592417062,0.711879432624113,0.205882352941176,0.425244714051161,0.357142857142857,0.5,0.0134297520661157,0.328472475391907,0.829787234042553,0.117647058823529,0.535475704062065,0.0714285714285714,"loss",0.780219780121966,0.329670329652216,0.0524323676576405,1,0.0586545771970828,0.559513417621716,-236.205664663031,62.9996801912009,56
"Croatia","Turkey",0.75,0.0909090909090909,0.163689391177543,0.634751773049645,0.764705882352941,0.0705127401707045,0,1,0.328512396694215,0.126139263580022,0.468085106382979,0.294117647058824,0.322446012508303,0,"draw",0.164835164826108,0.0659340659304432,0.00751871148064663,0.220875083148267,0.0158463098020443,0.536669670261594,151.705593247124,-97.8574852688393,57
"Netherlands","Russia",0.5,0.0805785123966942,0.325191396281444,0.704787234042553,0.235294117647059,0.403762517703385,0.142857142857143,1,0.194214876033058,0.156398104265403,0.468085106382979,0.147058823529412,0.473159787935378,0,"loss",0.560439560408767,0.131868131860886,0.213329464638894,0.578931907464232,0.105769556218849,1,-13.6339174606888,-189.660045611066,58
"Spain","Italy",0.75,0.0340909090909091,0.561064527889172,0.88209219858156,0.0294117647058824,0.868161479940341,0.5,0.75,0.0237603305785124,0.513671162960262,0.946808510638298,0.0588235294117647,0.681965733766152,0.0714285714285714,"draw",0.230769230756551,0.417582417504528,0.36830285441966,0.566157726228472,0.312871793427759,0.415228226283333,-175.62473159019,125.875514934117,59
"Germany","Turkey",0.5,0.0134297520661157,0.328472475391907,0.829787234042553,0.117647058823529,0.535475704062065,0.0714285714285714,1,0.328512396694215,0.126139263580022,0.468085106382979,0.294117647058824,0.322446012508303,0,"win",0.329670329652216,0.0659340659304432,1,0.220875083148267,0.559513417621716,0.536669670261594,-207.909291533649,374.12473515109,60
"Russia","Spain",1,0.194214876033058,0.156398104265403,0.468085106382979,0.147058823529412,0.473159787935378,0,0.75,0.0340909090909091,0.561064527889172,0.88209219858156,0.0294117647058824,0.868161479940341,0.5,"loss",0.131868131860886,0.230769230756551,0.578931907464232,0.36830285441966,1,0.312871793427759,-432.748267322471,-262.544509348974,61
"Germany","Spain",0.5,0.0134297520661157,0.328472475391907,0.829787234042553,0.117647058823529,0.535475704062065,0.0714285714285714,0.75,0.0340909090909091,0.561064527889172,0.88209219858156,0.0294117647058824,0.868161479940341,0.5,"loss",0.329670329652216,0.230769230756551,1,0.36830285441966,0.559513417621716,0.312871793427759,-74.3647288629592,44.9334372558327,62
"Poland","Greece",0.5,0.276859504132231,0.0922347794385709,0.168439716312057,0.382352941176471,0.12430596463083,0,0.5,0.586776859504132,0.0896828290193219,0.554078014184397,0.382352941176471,0.353039968917242,0,"draw",0.131868131860886,0.527472527443546,0.134583687239355,0.0584861717289791,0.257053754962971,0.0618787486272633,-91.2942361493075,-168.074866129624,63
"Russia","Czech Republic",1,0.225206611570248,0.213999270871309,0.573581560283688,0.235294117647059,0.485154223119055,0,0,0.483471074380165,0.117389719285454,0.392730496453901,0.235294117647059,0.186145612693797,0.0714285714285714,"win",0.417582417504528,0.307692307730347,0.578931907464232,0.0464240558822926,1,0.0602314645341143,-72.5466295222024,330.817191330949,64
"Greece","Czech Republic",0.5,0.586776859504132,0.0896828290193219,0.554078014184397,0.323529411764706,0.353039968917242,0,0,0.483471074380165,0.117389719285454,0.392730496453901,0.323529411764706,0.186145612693797,0.0714285714285714,"loss",0.527472527443546,0.307692307730347,0.0584861717289791,0.0464240558822926,0.0618787486272633,0.0602314645341143,-364.422456522825,241.102127763623,65
"Poland","Russia",0.5,0.276859504132231,0.0922347794385709,0.168439716312057,0.382352941176471,0.12430596463083,0,1,0.225206611570248,0.213999270871309,0.573581560283688,0.382352941176471,0.485154223119055,0,"draw",0.131868131860886,0.417582417504528,0.134583687239355,0.578931907464232,0.257053754962971,1,19.4662716186388,-196.450140713419,66
"Greece","Russia",0.5,0.586776859504132,0.0896828290193219,0.554078014184397,0.323529411764706,0.353039968917242,0,1,0.225206611570248,0.213999270871309,0.573581560283688,0.323529411764706,0.485154223119055,0,"win",0.527472527443546,0.417582417504528,0.0584861717289791,0.578931907464232,0.0618787486272633,1,13.6883178471765,-172.355250751601,67
"Czech Republic","Poland",0,0.483471074380165,0.117389719285454,0.392730496453901,0.470588235294118,0.186145612693797,0.0714285714285714,0.5,0.276859504132231,0.0922347794385709,0.168439716312057,0.470588235294118,0.12430596463083,0,"win",0.307692307730347,0.131868131860886,0.0464240558822926,0.134583687239355,0.0602314645341143,0.257053754962971,-354.724344434421,218.091452143923,68
"Germany","Portugal",0.75,0,0.684651841049945,0.854609929078014,0.0588235294117647,0.795091932269668,0.714285714285714,0.5,0.152892561983471,0.492161866569449,0.592198581560284,0.0588235294117647,0.571496609723389,0.285714285714286,"win",0.637362637382562,0.505494505521676,1,0.0524323676576405,0.559513417621716,0.0586545771970828,-223.066930841796,282.302452723468,69
"Netherlands","Denmark",0,0.0392561983471074,0.395916879329202,0.803191489361702,0.0882352941176471,0.427776454810934,0.142857142857143,0.5,0.586776859504132,0.0947867298578199,0.612588652482269,0.0882352941176471,0.307719302643288,0,"loss",0.395604395582659,0.164835164826108,0.213329464638894,0.0832190015772512,0.105769556218849,0.0260045617097964,-341.456341798506,163.124958572997,70
"Netherlands","Germany",0,0.0392561983471074,0.395916879329202,0.803191489361702,0.0882352941176471,0.427776454810934,0.142857142857143,0.75,0,0.684651841049945,0.854609929078014,0.0882352941176471,0.795091932269668,0.714285714285714,"loss",0.395604395582659,0.637362637382562,0.213329464638894,1,0.105769556218849,0.559513417621716,-258.08853857215,101.501541142822,71
"Denmark","Portugal",0.5,0.586776859504132,0.0947867298578199,0.612588652482269,0.617647058823529,0.307719302643288,0,0.5,0.152892561983471,0.492161866569449,0.592198581560284,0.617647058823529,0.571496609723389,0.285714285714286,"loss",0.164835164826108,0.505494505521676,0.0832190015772512,0.0524323676576405,0.0260045617097964,0.0586545771970828,90.9018307325973,-309.105209417919,72
"Portugal","Netherlands",0.5,0.152892561983471,0.492161866569449,0.592198581560284,0.117647058823529,0.571496609723389,0.285714285714286,0,0.0392561983471074,0.395916879329202,0.803191489361702,0.117647058823529,0.427776454810934,0.142857142857143,"win",0.505494505521676,0.395604395582659,0.0524323676576405,0.213329464638894,0.0586545771970828,0.105769556218849,-33.5184423052881,-105.014193497195,73
"Denmark","Germany",0.5,0.586776859504132,0.0947867298578199,0.612588652482269,0.617647058823529,0.307719302643288,0,0.75,0,0.684651841049945,0.854609929078014,0.617647058823529,0.795091932269668,0.714285714285714,"loss",0.164835164826108,0.637362637382562,0.0832190015772512,1,0.0260045617097964,0.559513417621716,-326.205075596058,-126.640185160323,74
"Spain","Italy",1,0,1,1,0,0.956684672941707,1,0.5,0.0909090909090909,0.426175720014583,0.575354609929078,0,0.683745472320052,0,"draw",0.890109890060983,0.340659340695568,0.36830285441966,0.566157726228472,0.312871793427759,0.415228226283333,-76.9806098178314,-333.334493906126,75
"Ireland","Croatia",0.5,0.741735537190083,0.0696317900109369,0.513297872340426,1,0.03396543296527,0,0.25,0.276859504132231,0.198687568355815,0.642730496453901,1,0.12691290561119,0.0714285714285714,"loss",0,0.19780219779133,0.0518531730599061,0.00751871148064663,0.0309675330160786,0.0158463098020443,66.1708819081133,-286.582241629811,76
"Italy","Croatia",0.5,0.0909090909090909,0.426175720014583,0.575354609929078,0.147058823529412,0.683745472320052,0,0.25,0.276859504132231,0.198687568355815,0.642730496453901,0.147058823529412,0.12691290561119,0.0714285714285714,"draw",0.340659340695568,0.19780219779133,0.566157726228472,0.00751871148064663,0.415228226283333,0.0158463098020443,-226.408999157363,213.061827614233,77
"Spain","Ireland",1,0,1,1,0,0.956684672941707,1,0.5,0.741735537190083,0.0696317900109369,0.513297872340426,0,0.03396543296527,0,"win",0.890109890060983,0,0.36830285441966,0.0518531730599061,0.312871793427759,0.0309675330160786,-124.865129330915,-309.312977009722,78
"Italy","Ireland",0.5,0.0909090909090909,0.426175720014583,0.575354609929078,0.147058823529412,0.683745472320052,0,0.5,0.741735537190083,0.0696317900109369,0.513297872340426,0.147058823529412,0.03396543296527,0,"win",0.340659340695568,0,0.566157726228472,0.0518531730599061,0.415228226283333,0.0309675330160786,-222.321435171508,203.055401690976,79
"Croatia","Spain",0.25,0.276859504132231,0.198687568355815,0.642730496453901,0.558823529411765,0.12691290561119,0.0714285714285714,1,0,1,1,0.558823529411765,0.956684672941707,1,"loss",0.19780219779133,0.890109890060983,0.00751871148064663,0.36830285441966,0.0158463098020443,0.312871793427759,-227.630835763007,-352.031162980864,80
"France","England",0.25,0.0909090909090909,0.495807510025519,0.563829787234043,0.176470588235294,0.597591086267186,0.214285714285714,0.75,0.0702479338842975,0.578563616478308,0.724290780141844,0.176470588235294,1,0.142857142857143,"draw",0.395604395582659,0.0659340659304432,0.750736059801287,0.694813822778658,0.453622617069805,0.368439726297412,-192.668517131067,-109.607200700822,81
"Ukraine","Sweden",1,0.431818181818182,0.127232956616843,0.216312056737589,0.294117647058824,0.474826726158397,0.0714285714285714,0,0.483471074380165,0.151658767772512,0.515957446808511,0.294117647058824,0.101858698785516,0,"win",0.230769230756551,0.19780219779133,0.0407436215085356,0.146181448796479,0.287718581927745,0.0554711936473967,-23.0977069390298,-41.6367414979245,82
"Sweden","England",0,0.483471074380165,0.151658767772512,0.515957446808511,0.647058823529412,0.101858698785516,0,0.75,0.0702479338842975,0.578563616478308,0.724290780141844,0.647058823529412,1,0.142857142857143,"loss",0.19780219779133,0.0659340659304432,0.146181448796479,0.694813822778658,0.0554711936473967,0.368439726297412,-204.388072524422,-115.135354674607,83
"Ukraine","France",1,0.431818181818182,0.127232956616843,0.216312056737589,0.294117647058824,0.474826726158397,0.0714285714285714,0.25,0.0909090909090909,0.495807510025519,0.563829787234043,0.294117647058824,0.597591086267186,0.214285714285714,"loss",0.230769230756551,0.395604395582659,0.0407436215085356,0.750736059801287,0.287718581927745,0.453622617069805,-14.0907745919841,-42.443985707191,84
"England","Ukraine",0.75,0.0702479338842975,0.578563616478308,0.724290780141844,0.0294117647058824,1,0.142857142857143,1,0.431818181818182,0.127232956616843,0.216312056737589,0.0294117647058824,0.474826726158397,0.0714285714285714,"win",0.0659340659304432,0.230769230756551,0.694813822778658,0.0407436215085356,0.368439726297412,0.287718581927745,-138.107084770466,217.10006351771,85
"Sweden","France",0,0.483471074380165,0.151658767772512,0.515957446808511,0.647058823529412,0.101858698785516,0,0.25,0.0909090909090909,0.495807510025519,0.563829787234043,0.647058823529412,0.597591086267186,0.214285714285714,"win",0.19780219779133,0.395604395582659,0.146181448796479,0.750736059801287,0.0554711936473967,0.453622617069805,-361.757031992294,-134.534241537149,86
"Czech Republic","Portugal",0,0.483471074380165,0.117389719285454,0.392730496453901,0.470588235294118,0.186145612693797,0.0714285714285714,0.5,0.152892561983471,0.492161866569449,0.592198581560284,0.470588235294118,0.571496609723389,0.285714285714286,"loss",0.307692307730347,0.505494505521676,0.0464240558822926,0.0524323676576405,0.0602314645341143,0.0586545771970828,-349.531649866794,206.288681555475,87
"Germany","Greece",0.75,0,0.684651841049945,0.854609929078014,0.0588235294117647,0.795091932269668,0.714285714285714,0.5,0.586776859504132,0.0896828290193219,0.554078014184397,0.0588235294117647,0.353039968917242,0,"win",0.637362637382562,0.527472527443546,1,0.0584861717289791,0.559513417621716,0.0618787486272633,-478.637271477788,99.867425646502,88
"Spain","France",1,0,1,1,0,0.956684672941707,1,0.25,0.0909090909090909,0.495807510025519,0.563829787234043,0,0.597591086267186,0.214285714285714,"win",0.890109890060983,0.395604395582659,0.36830285441966,0.750736059801287,0.312871793427759,0.453622617069805,-60.0041115658816,-331.00854277894,89
"England","Italy",0.75,0.0702479338842975,0.578563616478308,0.724290780141844,0.0294117647058824,1,0.142857142857143,0.5,0.0909090909090909,0.426175720014583,0.575354609929078,0.0294117647058824,0.683745472320052,0,"draw",0.0659340659304432,0.340659340695568,0.694813822778658,0.566157726228472,0.368439726297412,0.415228226283333,-165.197839221857,219.053358014197,90
"Portugal","Spain",0.5,0.152892561983471,0.492161866569449,0.592198581560284,0.117647058823529,0.571496609723389,0.285714285714286,1,0,1,1,0.117647058823529,0.956684672941707,1,"draw",0.505494505521676,0.890109890060983,0.0524323676576405,0.36830285441966,0.0586545771970828,0.312871793427759,-237.552577807532,-361.943456958731,91
"Germany","Italy",0.75,0,0.684651841049945,0.854609929078014,0.0588235294117647,0.795091932269668,0.714285714285714,0.5,0.0909090909090909,0.426175720014583,0.575354609929078,0.0588235294117647,0.683745472320052,0,"loss",0.637362637382562,0.340659340695568,1,0.566157726228472,0.559513417621716,0.415228226283333,-214.995325130351,276.272253809371,92
"Spain","Italy",1,0,1,1,0,0.956684672941707,1,0.5,0.0909090909090909,0.426175720014583,0.575354609929078,0,0.683745472320052,0,"win",0.890109890060983,0.340659340695568,0.36830285441966,0.566157726228472,0.312871793427759,0.415228226283333,-75.2744200431652,-324.605007505735,93
